Main Holding Name,Main Holding Key,Holding Name,Holding Key,International Sector Key,International Sector Description,International Department Key,International Department Description,Group Class Key - Description,Class Key - Description,Brand Name
FRONERI,1102,FRONERI,1102,1,FMCG,15,CHILLED (SELF-SERVICE),155 - ICE CREAM/FROZEN DESSERTS,1551 - SNACKING ICE,EXTREME
FRONERI,1102,FRONERI,1102,1,FMCG,15,CHILLED (SELF-SERVICE),155 - ICE CREAM/FROZEN DESSERTS,1551 - SNACKING ICE,NUII
FRONERI,1102,FRONERI,1102,1,FMCG,15,CHILLED (SELF-SERVICE),155 - ICE CREAM/FROZEN DESSERTS,1550 - ICE CREAM/SORBET TUB >100ML,LA LAITIERE ICE CREAMS
FRONERI,1102,FRONERI,1102,1,FMCG,15,CHILLED (SELF-SERVICE),155 - ICE CREAM/FROZEN DESSERTS,1551 - SNACKING ICE,COTE D'OR
FRONERI,1102,FRONERI,1102,1,FMCG,15,CHILLED (SELF-SERVICE),155 - ICE CREAM/FROZEN DESSERTS,1551 - SNACKING ICE,OASIS
FRONERI,1102,FRONERI,1102,1,FMCG,15,CHILLED (SELF-SERVICE),155 - ICE CREAM/FROZEN DESSERTS,1552 - GATEAUX/PASTRIES/ICED DESSERT,NESTLE ICE CREAMS
FRONERI,1102,FRONERI,1102,1,FMCG,15,CHILLED (SELF-SERVICE),155 - ICE CREAM/FROZEN DESSERTS,1551 - SNACKING ICE,PIRULO
FRONERI,1102,FRONERI,1102,1,FMCG,15,CHILLED (SELF-SERVICE),155 - ICE CREAM/FROZEN DESSERTS,1551 - SNACKING ICE,MYSTERE
FRONERI,1102,FRONERI,1102,1,FMCG,15,CHILLED (SELF-SERVICE),155 - ICE CREAM/FROZEN DESSERTS,1551 - SNACKING ICE,SMARTIES ICE CREAMS
FRONERI,1102,FRONERI,1102,1,FMCG,15,CHILLED (SELF-SERVICE),155 - ICE CREAM/FROZEN DESSERTS,1552 - GATEAUX/PASTRIES/ICED DESSERT,PILPA DESSERT
FRONERI,1102,FRONERI,1102,1,FMCG,15,CHILLED (SELF-SERVICE),155 - ICE CREAM/FROZEN DESSERTS,1551 - SNACKING ICE,MILKA GLACES
FRONERI,1102,FRONERI,1102,1,FMCG,15,CHILLED (SELF-SERVICE),155 - ICE CREAM/FROZEN DESSERTS,1552 - GATEAUX/PASTRIES/ICED DESSERT,PILPA GLACES
FRONERI,1102,FRONERI,1102,1,FMCG,15,CHILLED (SELF-SERVICE),155 - ICE CREAM/FROZEN DESSERTS,1551 - SNACKING ICE,OREO ICE CREAM
FRONERI,1102,FRONERI,1102,1,FMCG,15,CHILLED (SELF-SERVICE),155 - ICE CREAM/FROZEN DESSERTS,1551 - SNACKING ICE,NESTLE ICE CREAMS
FRONERI,1102,FRONERI,1102,1,FMCG,15,CHILLED (SELF-SERVICE),155 - ICE CREAM/FROZEN DESSERTS,1551 - SNACKING ICE,DAIM GLACES
FRONERI,1102,FRONERI,1102,1,FMCG,15,CHILLED (SELF-SERVICE),155 - ICE CREAM/FROZEN DESSERTS,1550 - ICE CREAM/SORBET TUB >100ML,MILKA GLACES
FRONERI,1102,FRONERI,1102,1,FMCG,15,CHILLED (SELF-SERVICE),155 - ICE CREAM/FROZEN DESSERTS,1550 - ICE CREAM/SORBET TUB >100ML,COTE D'OR
FRONERI,1102,FRONERI,1102,1,FMCG,15,CHILLED (SELF-SERVICE),155 - ICE CREAM/FROZEN DESSERTS,1550 - ICE CREAM/SORBET TUB >100ML,DAIM GLACES
FRONERI,1102,FRONERI,1102,1,FMCG,15,CHILLED (SELF-SERVICE),155 - ICE CREAM/FROZEN DESSERTS,1550 - ICE CREAM/SORBET TUB >100ML,OREO ICE CREAM
FRONERI,1102,FRONERI,1102,1,FMCG,15,CHILLED (SELF-SERVICE),155 - ICE CREAM/FROZEN DESSERTS,1551 - SNACKING ICE,KIT KAT ICE CREAMS
FRONERI,1102,FRONERI,1102,1,FMCG,15,CHILLED (SELF-SERVICE),155 - ICE CREAM/FROZEN DESSERTS,1552 - GATEAUX/PASTRIES/ICED DESSERT,KIT KAT ICE CREAMS
FRONERI,1102,FRONERI,1102,1,FMCG,15,CHILLED (SELF-SERVICE),155 - ICE CREAM/FROZEN DESSERTS,1552 - GATEAUX/PASTRIES/ICED DESSERT,TOBLERONE GLACES
FRONERI,1102,FRONERI,1102,1,FMCG,15,CHILLED (SELF-SERVICE),155 - ICE CREAM/FROZEN DESSERTS,1551 - SNACKING ICE,TOBLERONE GLACES
FRONERI,1102,FRONERI,1102,1,FMCG,15,CHILLED (SELF-SERVICE),155 - ICE CREAM/FROZEN DESSERTS,1552 - GATEAUX/PASTRIES/ICED DESSERT,MILKA GLACES
FRONERI,1102,FRONERI,1102,1,FMCG,15,CHILLED (SELF-SERVICE),155 - ICE CREAM/FROZEN DESSERTS,1550 - ICE CREAM/SORBET TUB >100ML,PILPA DESSERT
FRONERI,1102,FRONERI,1102,1,FMCG,14,GROCERIES,142 - CONFECTIONERY/CHOCOLATE,1424 - SEASONAL CONFECTIONERY,MOTTA
FRONERI,1102,FRONERI,1102,1,FMCG,15,CHILLED (SELF-SERVICE),155 - ICE CREAM/FROZEN DESSERTS,1550 - ICE CREAM/SORBET TUB >100ML,ROAR
FRONERI,1102,FRONERI,1102,1,FMCG,15,CHILLED (SELF-SERVICE),155 - ICE CREAM/FROZEN DESSERTS,1550 - ICE CREAM/SORBET TUB >100ML,NESTLE ICE CREAMS
FRONERI,1102,FRONERI,1102,1,FMCG,15,CHILLED (SELF-SERVICE),155 - ICE CREAM/FROZEN DESSERTS,1551 - SNACKING ICE,PREMIO
FRONERI,1102,FRONERI,1102,1,FMCG,15,CHILLED (SELF-SERVICE),155 - ICE CREAM/FROZEN DESSERTS,1551 - SNACKING ICE,UNKNOWN
FRONERI,1102,FRONERI,1102,1,FMCG,15,CHILLED (SELF-SERVICE),155 - ICE CREAM/FROZEN DESSERTS,1551 - SNACKING ICE,FRIGOR
FRONERI,1102,FRONERI,1102,1,FMCG,15,CHILLED (SELF-SERVICE),155 - ICE CREAM/FROZEN DESSERTS,1552 - GATEAUX/PASTRIES/ICED DESSERT,LION  ICE CREAMS
FRONERI,1102,FRONERI,1102,1,FMCG,15,CHILLED (SELF-SERVICE),155 - ICE CREAM/FROZEN DESSERTS,1552 - GATEAUX/PASTRIES/ICED DESSERT,SMARTIES ICE CREAMS
FRONERI,1102,FRONERI,1102,1,FMCG,15,CHILLED (SELF-SERVICE),155 - ICE CREAM/FROZEN DESSERTS,1551 - SNACKING ICE,VENITIA
FRONERI,1102,FRONERI,1102,1,FMCG,15,CHILLED (SELF-SERVICE),155 - ICE CREAM/FROZEN DESSERTS,1551 - SNACKING ICE,DISNEY
LASCAD,466,LASCAD,466,1,FMCG,12,TOILETRIES,121 - PERSONAL HYGIENE/GROOMING,1213 - DEODORANTS,NARTA
LASCAD,466,LASCAD,466,1,FMCG,12,TOILETRIES,121 - PERSONAL HYGIENE/GROOMING,1211 - SHOWER PRODUCTS,CADUM
LASCAD,466,LASCAD,466,1,FMCG,12,TOILETRIES,121 - PERSONAL HYGIENE/GROOMING,1211 - SHOWER PRODUCTS,USHUAIA
LASCAD,466,LASCAD,466,1,FMCG,12,TOILETRIES,121 - PERSONAL HYGIENE/GROOMING,1213 - DEODORANTS,USHUAIA
LASCAD,466,LASCAD,466,1,FMCG,12,TOILETRIES,120 - HAIR CARE PRODUCTS,1204 - HAIRDRESSING PRODUCTS,DOP
LASCAD,466,LASCAD,466,1,FMCG,12,TOILETRIES,121 - PERSONAL HYGIENE/GROOMING,1214 - BODY CARE,MIXA
LASCAD,466,LASCAD,466,1,FMCG,12,TOILETRIES,121 - PERSONAL HYGIENE/GROOMING,1213 - DEODORANTS,MENNEN
LASCAD,466,LASCAD,466,1,FMCG,12,TOILETRIES,120 - HAIR CARE PRODUCTS,1200 - SHAMPOOS,DOP
LASCAD,466,LASCAD,466,1,FMCG,12,TOILETRIES,120 - HAIR CARE PRODUCTS,1200 - SHAMPOOS,JACQUES DESSANGE
LASCAD,466,LASCAD,466,1,FMCG,12,TOILETRIES,121 - PERSONAL HYGIENE/GROOMING,1212 - SOAPS,SAVON LE NATUREL
LASCAD,466,LASCAD,466,1,FMCG,12,TOILETRIES,120 - HAIR CARE PRODUCTS,1203 - LOTIONS/CARE PRODUCTS,JACQUES DESSANGE
LASCAD,466,LASCAD,466,1,FMCG,12,TOILETRIES,121 - PERSONAL HYGIENE/GROOMING,1216 - EAU DE COLOGNE/EAU DE TOILLETTE,BIEN ETRE
LASCAD,466,LASCAD,466,1,FMCG,12,TOILETRIES,121 - PERSONAL HYGIENE/GROOMING,1211 - SHOWER PRODUCTS,DOP
LASCAD,466,LASCAD,466,1,FMCG,12,TOILETRIES,123 - FACIAL CARE/MAKEUP,1230 - WOMEN FACIAL CARE,MIXA
LASCAD,466,LASCAD,466,1,FMCG,12,TOILETRIES,125 - BABY PRODUCTS,1250 - BABY CLEANSING/CARE  PRODUCTS,MIXA
LASCAD,466,LASCAD,466,1,FMCG,12,TOILETRIES,124 - SHAVING PRODUCTS,1243 - SHAVING FOAMS/CREAMS/GELS,MENNEN
LASCAD,466,LASCAD,466,1,FMCG,12,TOILETRIES,125 - BABY PRODUCTS,1250 - BABY CLEANSING/CARE  PRODUCTS,CADUM
LASCAD,466,LASCAD,466,1,FMCG,12,TOILETRIES,124 - SHAVING PRODUCTS,1244 - AFTER-SHAVE,MENNEN
LASCAD,466,LASCAD,466,1,FMCG,12,TOILETRIES,123 - FACIAL CARE/MAKEUP,1231 - MAKEUP REMOVERS,MIXA
LASCAD,466,LASCAD,466,1,FMCG,12,TOILETRIES,121 - PERSONAL HYGIENE/GROOMING,1215 - HAND/FOOT CARE,MIXA
LASCAD,466,LASCAD,466,1,FMCG,12,TOILETRIES,120 - HAIR CARE PRODUCTS,1200 - SHAMPOOS,FRANCK PROVOST
LASCAD,466,LASCAD,466,1,FMCG,12,TOILETRIES,121 - PERSONAL HYGIENE/GROOMING,1210 - BATH PRODUCTS,USHUAIA
LASCAD,466,LASCAD,466,1,FMCG,12,TOILETRIES,120 - HAIR CARE PRODUCTS,1201 - HAIR CONDITIONERS,JACQUES DESSANGE
LASCAD,466,LASCAD,466,1,FMCG,12,TOILETRIES,121 - PERSONAL HYGIENE/GROOMING,1213 - DEODORANTS,CADUM
LASCAD,466,LASCAD,466,1,FMCG,12,TOILETRIES,121 - PERSONAL HYGIENE/GROOMING,1213 - DEODORANTS,MIXA
LASCAD,466,LASCAD,466,1,FMCG,12,TOILETRIES,120 - HAIR CARE PRODUCTS,1204 - HAIRDRESSING PRODUCTS,JACQUES DESSANGE
LASCAD,466,LASCAD,466,1,FMCG,12,TOILETRIES,125 - BABY PRODUCTS,1251 - BABY WIPES,MIXA
LASCAD,466,LASCAD,466,1,FMCG,12,TOILETRIES,121 - PERSONAL HYGIENE/GROOMING,1216 - EAU DE COLOGNE/EAU DE TOILLETTE,EAU JEUNE
LASCAD,466,LASCAD,466,1,FMCG,12,TOILETRIES,123 - FACIAL CARE/MAKEUP,1235 - UNISEX FACIAL CARE,MIXA
LASCAD,466,LASCAD,466,1,FMCG,12,TOILETRIES,121 - PERSONAL HYGIENE/GROOMING,1219 - SUN PROTECTION PRODUCTS,MIXA
LASCAD,466,LASCAD,466,1,FMCG,12,TOILETRIES,121 - PERSONAL HYGIENE/GROOMING,1216 - EAU DE COLOGNE/EAU DE TOILLETTE,DANIEL HECHTER
LASCAD,466,LASCAD,466,1,FMCG,12,TOILETRIES,120 - HAIR CARE PRODUCTS,1203 - LOTIONS/CARE PRODUCTS,FRANCK PROVOST
LASCAD,466,LASCAD,466,1,FMCG,12,TOILETRIES,121 - PERSONAL HYGIENE/GROOMING,1212 - SOAPS,CADUM
LASCAD,466,LASCAD,466,1,FMCG,12,TOILETRIES,120 - HAIR CARE PRODUCTS,1201 - HAIR CONDITIONERS,FRANCK PROVOST
LASCAD,466,LASCAD,466,1,FMCG,12,TOILETRIES,120 - HAIR CARE PRODUCTS,1204 - HAIRDRESSING PRODUCTS,FRANCK PROVOST
LASCAD,466,LASCAD,466,1,FMCG,12,TOILETRIES,125 - BABY PRODUCTS,1251 - BABY WIPES,CADUM
LASCAD,466,LASCAD,466,1,FMCG,12,TOILETRIES,120 - HAIR CARE PRODUCTS,1204 - HAIRDRESSING PRODUCTS,JEAN LOUIS DAVID
LASCAD,466,LASCAD,466,1,FMCG,12,TOILETRIES,120 - HAIR CARE PRODUCTS,1203 - LOTIONS/CARE PRODUCTS,DOP
LASCAD,466,LASCAD,466,1,FMCG,12,TOILETRIES,122 - ORAL HYGIENE,1220 - TOOTHPASTES,FLUORYL
LASCAD,466,LASCAD,466,1,FMCG,12,TOILETRIES,121 - PERSONAL HYGIENE/GROOMING,1214 - BODY CARE,BIEN ETRE
LASCAD,466,LASCAD,466,1,FMCG,12,TOILETRIES,121 - PERSONAL HYGIENE/GROOMING,1216 - EAU DE COLOGNE/EAU DE TOILLETTE,GLORIA VANDERBILT
LASCAD,466,LASCAD,466,1,FMCG,12,TOILETRIES,121 - PERSONAL HYGIENE/GROOMING,1211 - SHOWER PRODUCTS,MENNEN
LASCAD,466,LASCAD,466,1,FMCG,12,TOILETRIES,121 - PERSONAL HYGIENE/GROOMING,1211 - SHOWER PRODUCTS,MIXA
LASCAD,466,LASCAD,466,1,FMCG,12,TOILETRIES,120 - HAIR CARE PRODUCTS,1202 - COLORANTS/DYES,DEDICACE
LASCAD,466,LASCAD,466,1,FMCG,12,TOILETRIES,121 - PERSONAL HYGIENE/GROOMING,1216 - EAU DE COLOGNE/EAU DE TOILLETTE,SLAVA ZAITSEV
LASCAD,466,LASCAD,466,1,FMCG,12,TOILETRIES,121 - PERSONAL HYGIENE/GROOMING,1210 - BATH PRODUCTS,MIXA
LASCAD,466,LASCAD,466,1,FMCG,12,TOILETRIES,121 - PERSONAL HYGIENE/GROOMING,1212 - SOAPS,DOP
LASCAD,466,LASCAD,466,1,FMCG,12,TOILETRIES,121 - PERSONAL HYGIENE/GROOMING,1216 - EAU DE COLOGNE/EAU DE TOILLETTE,MAROUSSIA
LASCAD,466,LASCAD,466,1,FMCG,12,TOILETRIES,120 - HAIR CARE PRODUCTS,1201 - HAIR CONDITIONERS,DOP
LASCAD,466,LASCAD,466,1,FMCG,12,TOILETRIES,121 - PERSONAL HYGIENE/GROOMING,1213 - DEODORANTS,H POUR HOMME
LASCAD,466,LASCAD,466,1,FMCG,12,TOILETRIES,121 - PERSONAL HYGIENE/GROOMING,1214 - BODY CARE,MENNEN
LASCAD,466,LASCAD,466,1,FMCG,12,TOILETRIES,120 - HAIR CARE PRODUCTS,1200 - SHAMPOOS,JEAN LOUIS DAVID
LASCAD,466,LASCAD,466,1,FMCG,12,TOILETRIES,120 - HAIR CARE PRODUCTS,1201 - HAIR CONDITIONERS,JEAN LOUIS DAVID
LASCAD,466,LASCAD,466,1,FMCG,12,TOILETRIES,121 - PERSONAL HYGIENE/GROOMING,1214 - BODY CARE,CADUM
LASCAD,466,LASCAD,466,1,FMCG,12,TOILETRIES,121 - PERSONAL HYGIENE/GROOMING,1213 - DEODORANTS,AIRNESS
LASCAD,466,LASCAD,466,1,FMCG,12,TOILETRIES,120 - HAIR CARE PRODUCTS,1200 - SHAMPOOS,MENNEN
LASCAD,466,LASCAD,466,1,FMCG,12,TOILETRIES,120 - HAIR CARE PRODUCTS,1202 - COLORANTS/DYES,FRANCK PROVOST
LASCAD,466,LASCAD,466,1,FMCG,12,TOILETRIES,120 - HAIR CARE PRODUCTS,1203 - LOTIONS/CARE PRODUCTS,LASCAD
LASCAD,466,LASCAD,466,1,FMCG,12,TOILETRIES,120 - HAIR CARE PRODUCTS,1200 - SHAMPOOS,DANIEL HECHTER
LASCAD,466,LASCAD,466,1,FMCG,12,TOILETRIES,121 - PERSONAL HYGIENE/GROOMING,1216 - EAU DE COLOGNE/EAU DE TOILLETTE,AIRNESS
LASCAD,466,LASCAD,466,1,FMCG,12,TOILETRIES,126 - FEMININE HYGIENE,1262 - INTIMATE FEMININE HYGIENE PROD,CADUM
LASCAD,466,LASCAD,466,1,FMCG,12,TOILETRIES,120 - HAIR CARE PRODUCTS,1203 - LOTIONS/CARE PRODUCTS,JEAN LOUIS DAVID
LASCAD,466,LASCAD,466,1,FMCG,12,TOILETRIES,121 - PERSONAL HYGIENE/GROOMING,1212 - SOAPS,DONGE
LASCAD,466,LASCAD,466,1,FMCG,12,TOILETRIES,120 - HAIR CARE PRODUCTS,1203 - LOTIONS/CARE PRODUCTS,DANIEL HECHTER
LASCAD,466,LASCAD,466,1,FMCG,12,TOILETRIES,121 - PERSONAL HYGIENE/GROOMING,1213 - DEODORANTS,EAU JEUNE
LASCAD,466,LASCAD,466,1,FMCG,12,TOILETRIES,120 - HAIR CARE PRODUCTS,1200 - SHAMPOOS,MIXA
LASCAD,466,LASCAD,466,1,FMCG,12,TOILETRIES,121 - PERSONAL HYGIENE/GROOMING,1213 - DEODORANTS,GLORIA VANDERBILT
LASCAD,466,LASCAD,466,1,FMCG,12,TOILETRIES,121 - PERSONAL HYGIENE/GROOMING,1216 - EAU DE COLOGNE/EAU DE TOILLETTE,LASCAD
LASCAD,466,LASCAD,466,1,FMCG,12,TOILETRIES,121 - PERSONAL HYGIENE/GROOMING,1214 - BODY CARE,USHUAIA
LASCAD,466,LASCAD,466,1,FMCG,12,TOILETRIES,123 - FACIAL CARE/MAKEUP,1230 - WOMEN FACIAL CARE,MENNEN
LASCAD,466,LASCAD,466,1,FMCG,12,TOILETRIES,123 - FACIAL CARE/MAKEUP,1234 - MEN FACIAL CARE,MENNEN
LASCAD,466,LASCAD,466,1,FMCG,12,TOILETRIES,121 - PERSONAL HYGIENE/GROOMING,1213 - DEODORANTS,SLAVA ZAITSEV
LASCAD,466,LASCAD,466,1,FMCG,12,TOILETRIES,121 - PERSONAL HYGIENE/GROOMING,1216 - EAU DE COLOGNE/EAU DE TOILLETTE,H POUR HOMME
LASCAD,466,LASCAD,466,1,FMCG,12,TOILETRIES,121 - PERSONAL HYGIENE/GROOMING,1216 - EAU DE COLOGNE/EAU DE TOILLETTE,MENNEN
LASCAD,466,LASCAD,466,1,FMCG,12,TOILETRIES,121 - PERSONAL HYGIENE/GROOMING,1212 - SOAPS,CLEOPATRA
LASCAD,466,LASCAD,466,1,FMCG,12,TOILETRIES,120 - HAIR CARE PRODUCTS,1200 - SHAMPOOS,CADUM
MARS,401,MARS,401,1,FMCG,14,GROCERIES,142 - CONFECTIONERY/CHOCOLATE,1423 - CHOCOLATE CONFECTIONERY,M&M'S
MARS,401,MARS,401,1,FMCG,13,PET CARE,131 - DOG,1310 - DOG FOOD,PEDIGREE
MARS,401,MARS,401,1,FMCG,13,PET CARE,130 - CAT,1300 - CAT FOOD,WHISKAS
MARS,401,MARS,401,1,FMCG,13,PET CARE,130 - CAT,1300 - CAT FOOD,SHEBA
MARS,401,MARS,401,1,FMCG,14,GROCERIES,142 - CONFECTIONERY/CHOCOLATE,1421 - CHEWING-GUM,FREEDENT
MARS,401,MARS,401,1,FMCG,13,PET CARE,130 - CAT,1301 - LITTER,CATSAN
MARS,401,MARS,401,1,FMCG,14,GROCERIES,149 - ETHNIC PRODUCTS,1490 - ASIA/OCEANIA,SUZI WAN
MARS,401,MARS,401,1,FMCG,14,GROCERIES,145 - PASTA/RICE/PULSES/SOUPS,1451 - RICE,UNCLE BENS
MARS,401,MARS,401,1,FMCG,14,GROCERIES,142 - CONFECTIONERY/CHOCOLATE,1423 - CHOCOLATE CONFECTIONERY,TWIX
MARS,401,MARS,401,1,FMCG,15,CHILLED (SELF-SERVICE),155 - ICE CREAM/FROZEN DESSERTS,1551 - SNACKING ICE,SNICKERS
MARS,401,MARS,401,1,FMCG,13,PET CARE,131 - DOG,1310 - DOG FOOD,CESAR
MARS,401,MARS,401,1,FMCG,14,GROCERIES,142 - CONFECTIONERY/CHOCOLATE,1423 - CHOCOLATE CONFECTIONERY,MALTESERS
MARS,401,MARS,401,1,FMCG,14,GROCERIES,142 - CONFECTIONERY/CHOCOLATE,1423 - CHOCOLATE CONFECTIONERY,SNICKERS
MARS,401,MARS,401,1,FMCG,14,GROCERIES,142 - CONFECTIONERY/CHOCOLATE,1421 - CHEWING-GUM,AIRWAVES
MARS,401,MARS,401,1,FMCG,15,CHILLED (SELF-SERVICE),155 - ICE CREAM/FROZEN DESSERTS,1551 - SNACKING ICE,MARS
MARS,401,MARS,401,1,FMCG,14,GROCERIES,142 - CONFECTIONERY/CHOCOLATE,1423 - CHOCOLATE CONFECTIONERY,BALISTO
MARS,401,MARS,401,1,FMCG,13,PET CARE,130 - CAT,1300 - CAT FOOD,CATISFACTION
MARS,401,MARS,401,1,FMCG,13,PET CARE,130 - CAT,1300 - CAT FOOD,PERFECT FIT
MARS,401,MARS,401,1,FMCG,14,GROCERIES,142 - CONFECTIONERY/CHOCOLATE,1423 - CHOCOLATE CONFECTIONERY,MARS
MARS,401,MARS,401,1,FMCG,14,GROCERIES,142 - CONFECTIONERY/CHOCOLATE,1423 - CHOCOLATE CONFECTIONERY,CELEBRATION
MARS,401,MARS,401,1,FMCG,13,PET CARE,131 - DOG,1310 - DOG FOOD,FROLIC
MARS,401,MARS,401,1,FMCG,13,PET CARE,131 - DOG,1311 - DOG CARE,PEDIGREE
MARS,401,MARS,401,1,FMCG,14,GROCERIES,142 - CONFECTIONERY/CHOCOLATE,1420 - CONFECTIONERY,SKITTLES
MARS,401,MARS,401,1,FMCG,13,PET CARE,130 - CAT,1303 - CAT ACCESSORIES,CATSAN
MARS,401,MARS,401,1,FMCG,14,GROCERIES,142 - CONFECTIONERY/CHOCOLATE,1424 - SEASONAL CONFECTIONERY,CELEBRATION
MARS,401,MARS,401,1,FMCG,14,GROCERIES,142 - CONFECTIONERY/CHOCOLATE,1423 - CHOCOLATE CONFECTIONERY,BOUNTY
MARS,401,MARS,401,1,FMCG,15,CHILLED (SELF-SERVICE),155 - ICE CREAM/FROZEN DESSERTS,1551 - SNACKING ICE,TWIX
MARS,401,MARS,401,1,FMCG,15,CHILLED (SELF-SERVICE),155 - ICE CREAM/FROZEN DESSERTS,1551 - SNACKING ICE,BOUNTY
MARS,401,MARS,401,1,FMCG,14,GROCERIES,145 - PASTA/RICE/PULSES/SOUPS,1454 - SEMOLINA/CEREALS,UNCLE BENS
MARS,401,MARS,401,1,FMCG,14,GROCERIES,146 - OILS/SEASONING/SAUCES,1465 - COLD SAUCES,SUZI WAN
MARS,401,MARS,401,1,FMCG,14,GROCERIES,145 - PASTA/RICE/PULSES/SOUPS,1454 - SEMOLINA/CEREALS,EBLY
MARS,401,MARS,401,1,FMCG,14,GROCERIES,142 - CONFECTIONERY/CHOCOLATE,1422 - CHOCOLATE BARS,M&M'S
MARS,401,MARS,401,1,FMCG,13,PET CARE,131 - DOG,1310 - DOG FOOD,CANIGOU
MARS,401,MARS,401,1,FMCG,14,GROCERIES,142 - CONFECTIONERY/CHOCOLATE,1424 - SEASONAL CONFECTIONERY,M&M'S
MARS,401,MARS,401,1,FMCG,13,PET CARE,131 - DOG,1310 - DOG FOOD,CRAVE
MARS,401,MARS,401,1,FMCG,14,GROCERIES,142 - CONFECTIONERY/CHOCOLATE,1421 - CHEWING-GUM,HUBA BUBBA
MARS,401,MARS,401,1,FMCG,14,GROCERIES,141 - BISCUITS/CAKES/CEREAL/DRY BREAD,1410 - BISCUIT,TWIX
MARS,401,MARS,401,1,FMCG,14,GROCERIES,141 - BISCUITS/CAKES/CEREAL/DRY BREAD,1413 - CEREALS/MUESLIS,BE KIND
MARS,401,MARS,401,1,FMCG,14,GROCERIES,142 - CONFECTIONERY/CHOCOLATE,1423 - CHOCOLATE CONFECTIONERY,MILKY WAY
MARS,401,MARS,401,1,FMCG,14,GROCERIES,141 - BISCUITS/CAKES/CEREAL/DRY BREAD,1410 - BISCUIT,MALTESERS
MARS,401,MARS,401,1,FMCG,14,GROCERIES,146 - OILS/SEASONING/SAUCES,1467 - SALT/PEPPER/SPICES/COOKING HELP,SUZI WAN
MARS,401,MARS,401,1,FMCG,14,GROCERIES,144 - SNACKS,1443 - PUFFED/EXTRUDED SNACKS,UNCLE BENS
MARS,401,MARS,401,1,FMCG,14,GROCERIES,141 - BISCUITS/CAKES/CEREAL/DRY BREAD,1410 - BISCUIT,MARS
MARS,401,MARS,401,1,FMCG,15,CHILLED (SELF-SERVICE),155 - ICE CREAM/FROZEN DESSERTS,1551 - SNACKING ICE,M&M'S
MARS,401,MARS,401,1,FMCG,14,GROCERIES,141 - BISCUITS/CAKES/CEREAL/DRY BREAD,1410 - BISCUIT,BOUNTY
MARS,401,MARS,401,1,FMCG,14,GROCERIES,141 - BISCUITS/CAKES/CEREAL/DRY BREAD,1410 - BISCUIT,M&M'S
MARS,401,MARS,401,1,FMCG,14,GROCERIES,142 - CONFECTIONERY/CHOCOLATE,1421 - CHEWING-GUM,SKITTLES
MARS,401,MARS,401,1,FMCG,14,GROCERIES,140 - COFFEE/CHICORY/TEA,1406 - DOLCE GUSTO SYSTEM CAPS,MARS
MARS,401,MARS,401,1,FMCG,14,GROCERIES,149 - ETHNIC PRODUCTS,1493 - EUROPE,COMPAL
MARS,401,MARS,401,1,FMCG,14,GROCERIES,142 - CONFECTIONERY/CHOCOLATE,1423 - CHOCOLATE CONFECTIONERY,MINIS MIX
MARS,401,MARS,401,1,FMCG,14,GROCERIES,142 - CONFECTIONERY/CHOCOLATE,1421 - CHEWING-GUM,MARS
MARS,401,MARS,401,1,FMCG,14,GROCERIES,140 - COFFEE/CHICORY/TEA,1406 - DOLCE GUSTO SYSTEM CAPS,MILKY WAY
MARS,401,MARS,401,1,FMCG,14,GROCERIES,146 - OILS/SEASONING/SAUCES,1466 - HOT SAUCES,UNCLE BENS
MARS,401,MARS,401,1,FMCG,15,CHILLED (SELF-SERVICE),152 - DAIRY,1521 - FLAVOURED MILK,TWIX
MARS,401,MARS,401,1,FMCG,15,CHILLED (SELF-SERVICE),151 - CHILLED FRESH FOODS,1514 - DRINKING YOGURTS/SNACKS,MARS
MARS,401,MARS,401,1,FMCG,15,CHILLED (SELF-SERVICE),152 - DAIRY,1521 - FLAVOURED MILK,M&M'S
MARS,401,MARS,401,1,FMCG,14,GROCERIES,142 - CONFECTIONERY/CHOCOLATE,1423 - CHOCOLATE CONFECTIONERY,BE KIND
MARS,401,MARS,401,1,FMCG,15,CHILLED (SELF-SERVICE),152 - DAIRY,1521 - FLAVOURED MILK,BOUNTY
MARS,401,MARS,401,1,FMCG,14,GROCERIES,149 - ETHNIC PRODUCTS,1490 - ASIA/OCEANIA,UNCLE BENS
MARS,401,MARS,401,1,FMCG,14,GROCERIES,142 - CONFECTIONERY/CHOCOLATE,1422 - CHOCOLATE BARS,BALISTO
MARS,401,MARS,401,1,FMCG,15,CHILLED (SELF-SERVICE),152 - DAIRY,1521 - FLAVOURED MILK,MILKY WAY
MARS,401,MARS,401,1,FMCG,15,CHILLED (SELF-SERVICE),152 - DAIRY,1521 - FLAVOURED MILK,MALTESERS
MARS,401,MARS,401,1,FMCG,14,GROCERIES,142 - CONFECTIONERY/CHOCOLATE,1421 - CHEWING-GUM,SNICKERS
MARS,401,MARS,401,1,FMCG,14,GROCERIES,146 - OILS/SEASONING/SAUCES,1465 - COLD SAUCES,UNCLE BENS
MARS,401,MARS,401,1,FMCG,13,PET CARE,130 - CAT,1300 - CAT FOOD,CRAVE
MARS,401,MARS,401,1,FMCG,14,GROCERIES,143 - DESSERTS/BAKING INGREDIENTS,1437 - SPREADS/CREAMS OF CHESTNUT,M&M'S
MARS,401,MARS,401,1,FMCG,13,PET CARE,131 - DOG,1310 - DOG FOOD,PERFECT FIT
MARS,401,MARS,401,1,FMCG,14,GROCERIES,142 - CONFECTIONERY/CHOCOLATE,1421 - CHEWING-GUM,FIVE
MARS,401,MARS,401,1,FMCG,15,CHILLED (SELF-SERVICE),151 - CHILLED FRESH FOODS,1514 - DRINKING YOGURTS/SNACKS,MILKY WAY
MARS,401,MARS,401,1,FMCG,14,GROCERIES,143 - DESSERTS/BAKING INGREDIENTS,1437 - SPREADS/CREAMS OF CHESTNUT,BOUNTY
MARS,401,MARS,401,1,FMCG,13,PET CARE,131 - DOG,1310 - DOG FOOD,ROYAL CANIN
MARS,401,MARS,401,1,FMCG,14,GROCERIES,142 - CONFECTIONERY/CHOCOLATE,1420 - CONFECTIONERY,FREEDENT
MARS,401,MARS,401,1,FMCG,14,GROCERIES,142 - CONFECTIONERY/CHOCOLATE,1420 - CONFECTIONERY,BE KIND
PERFETTI,2660,PERFETTI,2660,1,FMCG,14,GROCERIES,142 - CONFECTIONERY/CHOCOLATE,1421 - CHEWING-GUM,HOLLYWOOD
PERFETTI,2660,PERFETTI,2660,1,FMCG,14,GROCERIES,142 - CONFECTIONERY/CHOCOLATE,1420 - CONFECTIONERY,MENTOS
PERFETTI,2660,PERFETTI,2660,1,FMCG,14,GROCERIES,142 - CONFECTIONERY/CHOCOLATE,1420 - CONFECTIONERY,CHUPA CHUPS LOLLIPOP
PERFETTI,2660,PERFETTI,2660,1,FMCG,14,GROCERIES,142 - CONFECTIONERY/CHOCOLATE,1420 - CONFECTIONERY,MENTOS
PERFETTI,2660,PERFETTI,2660,1,FMCG,14,GROCERIES,142 - CONFECTIONERY/CHOCOLATE,1420 - CONFECTIONERY,LA VOSGIENNE
PERFETTI,2660,PERFETTI,2660,1,FMCG,14,GROCERIES,142 - CONFECTIONERY/CHOCOLATE,1421 - CHEWING-GUM,FRISK
PERFETTI,2660,PERFETTI,2660,1,FMCG,14,GROCERIES,142 - CONFECTIONERY/CHOCOLATE,1420 - CONFECTIONERY,STIMOROL
PERFETTI,2660,PERFETTI,2660,1,FMCG,14,GROCERIES,142 - CONFECTIONERY/CHOCOLATE,1443 - PUFFED/EXTRUDED SNACKS,CACHOU
PERFETTI,2660,PERFETTI,2660,1,FMCG,14,GROCERIES,144 - SNACKS,1420 - CONFECTIONERY,CHUPA CHUPS LOLLIPOP
PERFETTI,2660,PERFETTI,2660,1,FMCG,14,GROCERIES,142 - CONFECTIONERY/CHOCOLATE,1421 - CHEWING-GUM,LOOK O LOOK
PERFETTI,2660,PERFETTI,2660,1,FMCG,14,GROCERIES,142 - CONFECTIONERY/CHOCOLATE,1031 - OTHER CARBONATED DRINKS,PERFETTI
PERFETTI,2660,PERFETTI,2660,1,FMCG,10,LIQUIDS,103 - CARBONATED SOFT DRINKS,1420 - CONFECTIONERY,CHUPA CHUPS LOLLIPOP
PERFETTI,2660,PERFETTI,2660,1,FMCG,14,GROCERIES,142 - CONFECTIONERY/CHOCOLATE,1421 - CHEWING-GUM,FRUITELLA
PERFETTI,2660,PERFETTI,2660,1,FMCG,14,GROCERIES,142 - CONFECTIONERY/CHOCOLATE,1421 - CHEWING-GUM,V6
PERFETTI,2660,PERFETTI,2660,1,FMCG,14,GROCERIES,142 - CONFECTIONERY/CHOCOLATE,1420 - CONFECTIONERY,BAZOOKA
PERFETTI,2660,PERFETTI,2660,1,FMCG,14,GROCERIES,142 - CONFECTIONERY/CHOCOLATE,1420 - CONFECTIONERY,GOLIA
PERFETTI,2660,PERFETTI,2660,1,FMCG,14,GROCERIES,142 - CONFECTIONERY/CHOCOLATE,1420 - CONFECTIONERY,PERFETTI
PERFETTI,2660,PERFETTI,2660,1,FMCG,14,GROCERIES,142 - CONFECTIONERY/CHOCOLATE,,VAN MELLE