Main Holding Name,Main Holding Key,Holding Name,Holding Key,International Sector Key,International Sector Description,International Department Key,International Department Description,Group Class Key - Description,Class Key - Description,Brand Name,Statut d'Appartenance verifié,Date d'ajout,Secteur d'activité,Département,À VÉRIFIER
FRONERI,1102,FRONERI,1102,1,FMCG,15,CHILLED (SELF-SERVICE),155 - ICE CREAM/FROZEN DESSERTS,1551 - SNACKING ICE,EXTREME,OK,,,,
FRONERI,1102,FRONERI,1102,1,FMCG,15,CHILLED (SELF-SERVICE),155 - ICE CREAM/FROZEN DESSERTS,1551 - SNACKING ICE,NUII,OK,,,,
FRONERI,1102,FRONERI,1102,1,FMCG,15,CHILLED (SELF-SERVICE),155 - ICE CREAM/FROZEN DESSERTS,1550 - ICE CREAM/SORBET TUB >100ML,LA LAITIERE ICE CREAMS,OK,,,,
FRONERI,1102,FRONERI,1102,1,FMCG,15,CHILLED (SELF-SERVICE),155 - ICE CREAM/FROZEN DESSERTS,1551 - SNACKING ICE,COTE D'OR,OK,,,,
FRONERI,1102,FRONERI,1102,1,FMCG,15,CHILLED (SELF-SERVICE),155 - ICE CREAM/FROZEN DESSERTS,1551 - SNACKING ICE,OASIS,OK,,,,
FRONERI,1102,FRONERI,1102,1,FMCG,15,CHILLED (SELF-SERVICE),155 - ICE CREAM/FROZEN DESSERTS,1552 - GATEAUX/PASTRIES/ICED DESSERT,NESTLE ICE CREAMS,OK,,,,
FRONERI,1102,FRONERI,1102,1,FMCG,15,CHILLED (SELF-SERVICE),155 - ICE CREAM/FROZEN DESSERTS,1551 - SNACKING ICE,PIRULO,OK,,,,
FRONERI,1102,FRONERI,1102,1,FMCG,15,CHILLED (SELF-SERVICE),155 - ICE CREAM/FROZEN DESSERTS,1551 - SNACKING ICE,MYSTERE,OK,,,,
FRONERI,1102,FRONERI,1102,1,FMCG,15,CHILLED (SELF-SERVICE),155 - ICE CREAM/FROZEN DESSERTS,1551 - SNACKING ICE,SMARTIES ICE CREAMS,OK,,,,
FRONERI,1102,FRONERI,1102,1,FMCG,15,CHILLED (SELF-SERVICE),155 - ICE CREAM/FROZEN DESSERTS,1552 - GATEAUX/PASTRIES/ICED DESSERT,PILPA DESSERT,OK,,,,
FRONERI,1102,FRONERI,1102,1,FMCG,15,CHILLED (SELF-SERVICE),155 - ICE CREAM/FROZEN DESSERTS,1551 - SNACKING ICE,MILKA GLACES,OK,,,,
FRONERI,1102,FRONERI,1102,1,FMCG,15,CHILLED (SELF-SERVICE),155 - ICE CREAM/FROZEN DESSERTS,1552 - GATEAUX/PASTRIES/ICED DESSERT,PILPA GLACES,OK,,,,
FRONERI,1102,FRONERI,1102,1,FMCG,15,CHILLED (SELF-SERVICE),155 - ICE CREAM/FROZEN DESSERTS,1551 - SNACKING ICE,OREO ICE CREAM,OK,,,,
FRONERI,1102,FRONERI,1102,1,FMCG,15,CHILLED (SELF-SERVICE),155 - ICE CREAM/FROZEN DESSERTS,1551 - SNACKING ICE,NESTLE ICE CREAMS,OK,,,,
FRONERI,1102,FRONERI,1102,1,FMCG,15,CHILLED (SELF-SERVICE),155 - ICE CREAM/FROZEN DESSERTS,1551 - SNACKING ICE,DAIM GLACES,OK,,,,
FRONERI,1102,FRONERI,1102,1,FMCG,15,CHILLED (SELF-SERVICE),155 - ICE CREAM/FROZEN DESSERTS,1550 - ICE CREAM/SORBET TUB >100ML,MILKA GLACES,OK,,,,
FRONERI,1102,FRONERI,1102,1,FMCG,15,CHILLED (SELF-SERVICE),155 - ICE CREAM/FROZEN DESSERTS,1550 - ICE CREAM/SORBET TUB >100ML,COTE D'OR,OK,,,,
FRONERI,1102,FRONERI,1102,1,FMCG,15,CHILLED (SELF-SERVICE),155 - ICE CREAM/FROZEN DESSERTS,1550 - ICE CREAM/SORBET TUB >100ML,DAIM GLACES,OK,,,,
FRONERI,1102,FRONERI,1102,1,FMCG,15,CHILLED (SELF-SERVICE),155 - ICE CREAM/FROZEN DESSERTS,1550 - ICE CREAM/SORBET TUB >100ML,OREO ICE CREAM,OK,,,,
FRONERI,1102,FRONERI,1102,1,FMCG,15,CHILLED (SELF-SERVICE),155 - ICE CREAM/FROZEN DESSERTS,1551 - SNACKING ICE,KIT KAT ICE CREAMS,OK,,,,
FRONERI,1102,FRONERI,1102,1,FMCG,15,CHILLED (SELF-SERVICE),155 - ICE CREAM/FROZEN DESSERTS,1552 - GATEAUX/PASTRIES/ICED DESSERT,KIT KAT ICE CREAMS,OK,,,,
FRONERI,1102,FRONERI,1102,1,FMCG,15,CHILLED (SELF-SERVICE),155 - ICE CREAM/FROZEN DESSERTS,1552 - GATEAUX/PASTRIES/ICED DESSERT,TOBLERONE GLACES,OK,,,,
FRONERI,1102,FRONERI,1102,1,FMCG,15,CHILLED (SELF-SERVICE),155 - ICE CREAM/FROZEN DESSERTS,1551 - SNACKING ICE,TOBLERONE GLACES,OK,,,,
FRONERI,1102,FRONERI,1102,1,FMCG,15,CHILLED (SELF-SERVICE),155 - ICE CREAM/FROZEN DESSERTS,1552 - GATEAUX/PASTRIES/ICED DESSERT,MILKA GLACES,OK,,,,
FRONERI,1102,FRONERI,1102,1,FMCG,15,CHILLED (SELF-SERVICE),155 - ICE CREAM/FROZEN DESSERTS,1550 - ICE CREAM/SORBET TUB >100ML,PILPA DESSERT,OK,,,,
FRONERI,1102,FRONERI,1102,1,FMCG,14,GROCERIES,142 - CONFECTIONERY/CHOCOLATE,1424 - SEASONAL CONFECTIONERY,MOTTA,OK,,,,
FRONERI,1102,FRONERI,1102,1,FMCG,15,CHILLED (SELF-SERVICE),155 - ICE CREAM/FROZEN DESSERTS,1550 - ICE CREAM/SORBET TUB >100ML,ROAR,OK,,,,
FRONERI,1102,FRONERI,1102,1,FMCG,15,CHILLED (SELF-SERVICE),155 - ICE CREAM/FROZEN DESSERTS,1550 - ICE CREAM/SORBET TUB >100ML,NESTLE ICE CREAMS,OK,,,,
FRONERI,1102,FRONERI,1102,1,FMCG,15,CHILLED (SELF-SERVICE),155 - ICE CREAM/FROZEN DESSERTS,1551 - SNACKING ICE,PREMIO,OK,,,,
FRONERI,1102,FRONERI,1102,1,FMCG,15,CHILLED (SELF-SERVICE),155 - ICE CREAM/FROZEN DESSERTS,1551 - SNACKING ICE,UNKNOWN,NON,,,,
FRONERI,1102,FRONERI,1102,1,FMCG,15,CHILLED (SELF-SERVICE),155 - ICE CREAM/FROZEN DESSERTS,1551 - SNACKING ICE,FRIGOR,NON,,,,
FRONERI,1102,FRONERI,1102,1,FMCG,15,CHILLED (SELF-SERVICE),155 - ICE CREAM/FROZEN DESSERTS,1552 - GATEAUX/PASTRIES/ICED DESSERT,LION  ICE CREAMS,,,,,
FRONERI,1102,FRONERI,1102,1,FMCG,15,CHILLED (SELF-SERVICE),155 - ICE CREAM/FROZEN DESSERTS,1552 - GATEAUX/PASTRIES/ICED DESSERT,SMARTIES ICE CREAMS,OK,,,,
FRONERI,1102,FRONERI,1102,1,FMCG,15,CHILLED (SELF-SERVICE),155 - ICE CREAM/FROZEN DESSERTS,1551 - SNACKING ICE,VENITIA,NON,,,,
FRONERI,1102,FRONERI,1102,1,FMCG,15,CHILLED (SELF-SERVICE),155 - ICE CREAM/FROZEN DESSERTS,1551 - SNACKING ICE,DISNEY,NON,,,,
LASCAD,466,LASCAD,466,1,FMCG,12,TOILETRIES,121 - PERSONAL HYGIENE/GROOMING,1213 - DEODORANTS,NARTA,OK,,,,
LASCAD,466,LASCAD,466,1,FMCG,12,TOILETRIES,121 - PERSONAL HYGIENE/GROOMING,1211 - SHOWER PRODUCTS,CADUM,OK,,,,
LASCAD,466,LASCAD,466,1,FMCG,12,TOILETRIES,121 - PERSONAL HYGIENE/GROOMING,1211 - SHOWER PRODUCTS,USHUAIA,OK,,,,
LASCAD,466,LASCAD,466,1,FMCG,12,TOILETRIES,121 - PERSONAL HYGIENE/GROOMING,1213 - DEODORANTS,USHUAIA,OK,,,,
LASCAD,466,LASCAD,466,1,FMCG,12,TOILETRIES,120 - HAIR CARE PRODUCTS,1204 - HAIRDRESSING PRODUCTS,DOP,OK,,,,
LASCAD,466,LASCAD,466,1,FMCG,12,TOILETRIES,121 - PERSONAL HYGIENE/GROOMING,1214 - BODY CARE,MIXA,OK,,,,
LASCAD,466,LASCAD,466,1,FMCG,12,TOILETRIES,121 - PERSONAL HYGIENE/GROOMING,1213 - DEODORANTS,MENNEN,OK,,,,
LASCAD,466,LASCAD,466,1,FMCG,12,TOILETRIES,120 - HAIR CARE PRODUCTS,1200 - SHAMPOOS,DOP,OK,,,,
LASCAD,466,LASCAD,466,1,FMCG,12,TOILETRIES,120 - HAIR CARE PRODUCTS,1200 - SHAMPOOS,JACQUES DESSANGE,NON,,,,
LASCAD,466,LASCAD,466,1,FMCG,12,TOILETRIES,121 - PERSONAL HYGIENE/GROOMING,1212 - SOAPS,SAVON LE NATUREL,NON,,,,
LASCAD,466,LASCAD,466,1,FMCG,12,TOILETRIES,120 - HAIR CARE PRODUCTS,1203 - LOTIONS/CARE PRODUCTS,JACQUES DESSANGE,NON,,,,
LASCAD,466,LASCAD,466,1,FMCG,12,TOILETRIES,121 - PERSONAL HYGIENE/GROOMING,1216 - EAU DE COLOGNE/EAU DE TOILLETTE,BIEN ETRE,OK,,,,
LASCAD,466,LASCAD,466,1,FMCG,12,TOILETRIES,121 - PERSONAL HYGIENE/GROOMING,1211 - SHOWER PRODUCTS,DOP,OK,,,,
LASCAD,466,LASCAD,466,1,FMCG,12,TOILETRIES,123 - FACIAL CARE/MAKEUP,1230 - WOMEN FACIAL CARE,MIXA,OK,,,,
LASCAD,466,LASCAD,466,1,FMCG,12,TOILETRIES,125 - BABY PRODUCTS,1250 - BABY CLEANSING/CARE  PRODUCTS,MIXA,OK,,,,
LASCAD,466,LASCAD,466,1,FMCG,12,TOILETRIES,124 - SHAVING PRODUCTS,1243 - SHAVING FOAMS/CREAMS/GELS,MENNEN,OK,,,,
LASCAD,466,LASCAD,466,1,FMCG,12,TOILETRIES,125 - BABY PRODUCTS,1250 - BABY CLEANSING/CARE  PRODUCTS,CADUM,OK,,,,
LASCAD,466,LASCAD,466,1,FMCG,12,TOILETRIES,124 - SHAVING PRODUCTS,1244 - AFTER-SHAVE,MENNEN,OK,,,,
LASCAD,466,LASCAD,466,1,FMCG,12,TOILETRIES,123 - FACIAL CARE/MAKEUP,1231 - MAKEUP REMOVERS,MIXA,OK,,,,
LASCAD,466,LASCAD,466,1,FMCG,12,TOILETRIES,121 - PERSONAL HYGIENE/GROOMING,1215 - HAND/FOOT CARE,MIXA,OK,,,,
LASCAD,466,LASCAD,466,1,FMCG,12,TOILETRIES,120 - HAIR CARE PRODUCTS,1200 - SHAMPOOS,FRANCK PROVOST,NON,,,,
LASCAD,466,LASCAD,466,1,FMCG,12,TOILETRIES,121 - PERSONAL HYGIENE/GROOMING,1210 - BATH PRODUCTS,USHUAIA,OK,,,,
LASCAD,466,LASCAD,466,1,FMCG,12,TOILETRIES,120 - HAIR CARE PRODUCTS,1201 - HAIR CONDITIONERS,JACQUES DESSANGE,NON,,,,
LASCAD,466,LASCAD,466,1,FMCG,12,TOILETRIES,121 - PERSONAL HYGIENE/GROOMING,1213 - DEODORANTS,CADUM,OK,,,,
LASCAD,466,LASCAD,466,1,FMCG,12,TOILETRIES,121 - PERSONAL HYGIENE/GROOMING,1213 - DEODORANTS,MIXA,OK,,,,
LASCAD,466,LASCAD,466,1,FMCG,12,TOILETRIES,120 - HAIR CARE PRODUCTS,1204 - HAIRDRESSING PRODUCTS,JACQUES DESSANGE,NON,,,,
LASCAD,466,LASCAD,466,1,FMCG,12,TOILETRIES,125 - BABY PRODUCTS,1251 - BABY WIPES,MIXA,OK,,,,
LASCAD,466,LASCAD,466,1,FMCG,12,TOILETRIES,121 - PERSONAL HYGIENE/GROOMING,1216 - EAU DE COLOGNE/EAU DE TOILLETTE,EAU JEUNE,OK,,,,
LASCAD,466,LASCAD,466,1,FMCG,12,TOILETRIES,123 - FACIAL CARE/MAKEUP,1235 - UNISEX FACIAL CARE,MIXA,OK,,,,
LASCAD,466,LASCAD,466,1,FMCG,12,TOILETRIES,121 - PERSONAL HYGIENE/GROOMING,1219 - SUN PROTECTION PRODUCTS,MIXA,OK,,,,
LASCAD,466,LASCAD,466,1,FMCG,12,TOILETRIES,121 - PERSONAL HYGIENE/GROOMING,1216 - EAU DE COLOGNE/EAU DE TOILLETTE,DANIEL HECHTER,NON,,,,
LASCAD,466,LASCAD,466,1,FMCG,12,TOILETRIES,120 - HAIR CARE PRODUCTS,1203 - LOTIONS/CARE PRODUCTS,FRANCK PROVOST,NON,,,,
LASCAD,466,LASCAD,466,1,FMCG,12,TOILETRIES,121 - PERSONAL HYGIENE/GROOMING,1212 - SOAPS,CADUM,OK,,,,
LASCAD,466,LASCAD,466,1,FMCG,12,TOILETRIES,120 - HAIR CARE PRODUCTS,1201 - HAIR CONDITIONERS,FRANCK PROVOST,NON,,,,
LASCAD,466,LASCAD,466,1,FMCG,12,TOILETRIES,120 - HAIR CARE PRODUCTS,1204 - HAIRDRESSING PRODUCTS,FRANCK PROVOST,NON,,,,
LASCAD,466,LASCAD,466,1,FMCG,12,TOILETRIES,125 - BABY PRODUCTS,1251 - BABY WIPES,CADUM,OK,,,,
LASCAD,466,LASCAD,466,1,FMCG,12,TOILETRIES,120 - HAIR CARE PRODUCTS,1204 - HAIRDRESSING PRODUCTS,JEAN LOUIS DAVID,NON,,,,
LASCAD,466,LASCAD,466,1,FMCG,12,TOILETRIES,120 - HAIR CARE PRODUCTS,1203 - LOTIONS/CARE PRODUCTS,DOP,OK,,,,
LASCAD,466,LASCAD,466,1,FMCG,12,TOILETRIES,122 - ORAL HYGIENE,1220 - TOOTHPASTES,FLUORYL,NON,,,,
LASCAD,466,LASCAD,466,1,FMCG,12,TOILETRIES,121 - PERSONAL HYGIENE/GROOMING,1214 - BODY CARE,BIEN ETRE,OK,,,,
LASCAD,466,LASCAD,466,1,FMCG,12,TOILETRIES,121 - PERSONAL HYGIENE/GROOMING,1216 - EAU DE COLOGNE/EAU DE TOILLETTE,GLORIA VANDERBILT,NON,,,,
LASCAD,466,LASCAD,466,1,FMCG,12,TOILETRIES,121 - PERSONAL HYGIENE/GROOMING,1211 - SHOWER PRODUCTS,MENNEN,OK,,,,
LASCAD,466,LASCAD,466,1,FMCG,12,TOILETRIES,121 - PERSONAL HYGIENE/GROOMING,1211 - SHOWER PRODUCTS,MIXA,OK,,,,
LASCAD,466,LASCAD,466,1,FMCG,12,TOILETRIES,120 - HAIR CARE PRODUCTS,1202 - COLORANTS/DYES,DEDICACE,NON,,,,
LASCAD,466,LASCAD,466,1,FMCG,12,TOILETRIES,121 - PERSONAL HYGIENE/GROOMING,1216 - EAU DE COLOGNE/EAU DE TOILLETTE,SLAVA ZAITSEV,NON,,,,
LASCAD,466,LASCAD,466,1,FMCG,12,TOILETRIES,121 - PERSONAL HYGIENE/GROOMING,1210 - BATH PRODUCTS,MIXA,OK,,,,
LASCAD,466,LASCAD,466,1,FMCG,12,TOILETRIES,121 - PERSONAL HYGIENE/GROOMING,1212 - SOAPS,DOP,OK,,,,
LASCAD,466,LASCAD,466,1,FMCG,12,TOILETRIES,121 - PERSONAL HYGIENE/GROOMING,1216 - EAU DE COLOGNE/EAU DE TOILLETTE,MAROUSSIA,NON,,,,
LASCAD,466,LASCAD,466,1,FMCG,12,TOILETRIES,120 - HAIR CARE PRODUCTS,1201 - HAIR CONDITIONERS,DOP,OK,,,,
LASCAD,466,LASCAD,466,1,FMCG,12,TOILETRIES,121 - PERSONAL HYGIENE/GROOMING,1213 - DEODORANTS,H POUR HOMME,NON,,,,
LASCAD,466,LASCAD,466,1,FMCG,12,TOILETRIES,121 - PERSONAL HYGIENE/GROOMING,1214 - BODY CARE,MENNEN,OK,,,,
LASCAD,466,LASCAD,466,1,FMCG,12,TOILETRIES,120 - HAIR CARE PRODUCTS,1200 - SHAMPOOS,JEAN LOUIS DAVID,NON,,,,
LASCAD,466,LASCAD,466,1,FMCG,12,TOILETRIES,120 - HAIR CARE PRODUCTS,1201 - HAIR CONDITIONERS,JEAN LOUIS DAVID,NON,,,,
LASCAD,466,LASCAD,466,1,FMCG,12,TOILETRIES,121 - PERSONAL HYGIENE/GROOMING,1214 - BODY CARE,CADUM,OK,,,,
LASCAD,466,LASCAD,466,1,FMCG,12,TOILETRIES,121 - PERSONAL HYGIENE/GROOMING,1213 - DEODORANTS,AIRNESS,NON,,,,
LASCAD,466,LASCAD,466,1,FMCG,12,TOILETRIES,120 - HAIR CARE PRODUCTS,1200 - SHAMPOOS,MENNEN,OK,,,,
LASCAD,466,LASCAD,466,1,FMCG,12,TOILETRIES,120 - HAIR CARE PRODUCTS,1202 - COLORANTS/DYES,FRANCK PROVOST,NON,,,,
LASCAD,466,LASCAD,466,1,FMCG,12,TOILETRIES,120 - HAIR CARE PRODUCTS,1203 - LOTIONS/CARE PRODUCTS,LASCAD,OK,,,,
LASCAD,466,LASCAD,466,1,FMCG,12,TOILETRIES,120 - HAIR CARE PRODUCTS,1200 - SHAMPOOS,DANIEL HECHTER,NON,,,,
LASCAD,466,LASCAD,466,1,FMCG,12,TOILETRIES,121 - PERSONAL HYGIENE/GROOMING,1216 - EAU DE COLOGNE/EAU DE TOILLETTE,AIRNESS,NON,,,,
LASCAD,466,LASCAD,466,1,FMCG,12,TOILETRIES,126 - FEMININE HYGIENE,1262 - INTIMATE FEMININE HYGIENE PROD,CADUM,OK,,,,
LASCAD,466,LASCAD,466,1,FMCG,12,TOILETRIES,120 - HAIR CARE PRODUCTS,1203 - LOTIONS/CARE PRODUCTS,JEAN LOUIS DAVID,NON,,,,
LASCAD,466,LASCAD,466,1,FMCG,12,TOILETRIES,121 - PERSONAL HYGIENE/GROOMING,1212 - SOAPS,DONGE,NON,,,,
LASCAD,466,LASCAD,466,1,FMCG,12,TOILETRIES,120 - HAIR CARE PRODUCTS,1203 - LOTIONS/CARE PRODUCTS,DANIEL HECHTER,NON,,,,
LASCAD,466,LASCAD,466,1,FMCG,12,TOILETRIES,121 - PERSONAL HYGIENE/GROOMING,1213 - DEODORANTS,EAU JEUNE,OK,,,,
LASCAD,466,LASCAD,466,1,FMCG,12,TOILETRIES,120 - HAIR CARE PRODUCTS,1200 - SHAMPOOS,MIXA,OK,,,,
LASCAD,466,LASCAD,466,1,FMCG,12,TOILETRIES,121 - PERSONAL HYGIENE/GROOMING,1213 - DEODORANTS,GLORIA VANDERBILT,NON,,,,
LASCAD,466,LASCAD,466,1,FMCG,12,TOILETRIES,121 - PERSONAL HYGIENE/GROOMING,1216 - EAU DE COLOGNE/EAU DE TOILLETTE,LASCAD,OK,,,,
LASCAD,466,LASCAD,466,1,FMCG,12,TOILETRIES,121 - PERSONAL HYGIENE/GROOMING,1214 - BODY CARE,USHUAIA,OK,,,,
LASCAD,466,LASCAD,466,1,FMCG,12,TOILETRIES,123 - FACIAL CARE/MAKEUP,1230 - WOMEN FACIAL CARE,MENNEN,OK,,,,
LASCAD,466,LASCAD,466,1,FMCG,12,TOILETRIES,123 - FACIAL CARE/MAKEUP,1234 - MEN FACIAL CARE,MENNEN,OK,,,,
LASCAD,466,LASCAD,466,1,FMCG,12,TOILETRIES,121 - PERSONAL HYGIENE/GROOMING,1213 - DEODORANTS,SLAVA ZAITSEV,NON,,,,
LASCAD,466,LASCAD,466,1,FMCG,12,TOILETRIES,121 - PERSONAL HYGIENE/GROOMING,1216 - EAU DE COLOGNE/EAU DE TOILLETTE,H POUR HOMME,NON,,,,
LASCAD,466,LASCAD,466,1,FMCG,12,TOILETRIES,121 - PERSONAL HYGIENE/GROOMING,1216 - EAU DE COLOGNE/EAU DE TOILLETTE,MENNEN,OK,,,,
LASCAD,466,LASCAD,466,1,FMCG,12,TOILETRIES,121 - PERSONAL HYGIENE/GROOMING,1212 - SOAPS,CLEOPATRA,NON,,,,
LASCAD,466,LASCAD,466,1,FMCG,12,TOILETRIES,120 - HAIR CARE PRODUCTS,1200 - SHAMPOOS,CADUM,OK,,,,
MARS,401,MARS,401,1,FMCG,14,GROCERIES,142 - CONFECTIONERY/CHOCOLATE,1423 - CHOCOLATE CONFECTIONERY,M&M'S,OK,,,,
MARS,401,MARS,401,1,FMCG,13,PET CARE,131 - DOG,1310 - DOG FOOD,PEDIGREE,OK,,,,
MARS,401,MARS,401,1,FMCG,13,PET CARE,130 - CAT,1300 - CAT FOOD,WHISKAS,OK,,,,
MARS,401,MARS,401,1,FMCG,13,PET CARE,130 - CAT,1300 - CAT FOOD,SHEBA,OK,,,,
MARS,401,MARS,401,1,FMCG,14,GROCERIES,142 - CONFECTIONERY/CHOCOLATE,1421 - CHEWING-GUM,FREEDENT,OK,,,,
MARS,401,MARS,401,1,FMCG,13,PET CARE,130 - CAT,1301 - LITTER,CATSAN,NON,,,,
MARS,401,MARS,401,1,FMCG,14,GROCERIES,149 - ETHNIC PRODUCTS,1490 - ASIA/OCEANIA,SUZI WAN,OK,,,,
MARS,401,MARS,401,1,FMCG,14,GROCERIES,145 - PASTA/RICE/PULSES/SOUPS,1451 - RICE,UNCLE BENS,OK,,,,
MARS,401,MARS,401,1,FMCG,14,GROCERIES,142 - CONFECTIONERY/CHOCOLATE,1423 - CHOCOLATE CONFECTIONERY,TWIX,OK,,,,
MARS,401,MARS,401,1,FMCG,15,CHILLED (SELF-SERVICE),155 - ICE CREAM/FROZEN DESSERTS,1551 - SNACKING ICE,SNICKERS,OK,,,,
MARS,401,MARS,401,1,FMCG,13,PET CARE,131 - DOG,1310 - DOG FOOD,CESAR,OK,,,,
MARS,401,MARS,401,1,FMCG,14,GROCERIES,142 - CONFECTIONERY/CHOCOLATE,1423 - CHOCOLATE CONFECTIONERY,MALTESERS,OK,,,,
MARS,401,MARS,401,1,FMCG,14,GROCERIES,142 - CONFECTIONERY/CHOCOLATE,1423 - CHOCOLATE CONFECTIONERY,SNICKERS,OK,,,,
MARS,401,MARS,401,1,FMCG,14,GROCERIES,142 - CONFECTIONERY/CHOCOLATE,1421 - CHEWING-GUM,AIRWAVES,OK,,,,
MARS,401,MARS,401,1,FMCG,15,CHILLED (SELF-SERVICE),155 - ICE CREAM/FROZEN DESSERTS,1551 - SNACKING ICE,MARS,OK,,,,
MARS,401,MARS,401,1,FMCG,14,GROCERIES,142 - CONFECTIONERY/CHOCOLATE,1423 - CHOCOLATE CONFECTIONERY,BALISTO,OK,,,,
MARS,401,MARS,401,1,FMCG,13,PET CARE,130 - CAT,1300 - CAT FOOD,CATISFACTION,OK,,,,
MARS,401,MARS,401,1,FMCG,13,PET CARE,130 - CAT,1300 - CAT FOOD,PERFECT FIT,OK,,,,
MARS,401,MARS,401,1,FMCG,14,GROCERIES,142 - CONFECTIONERY/CHOCOLATE,1423 - CHOCOLATE CONFECTIONERY,MARS,OK,,,,
MARS,401,MARS,401,1,FMCG,14,GROCERIES,142 - CONFECTIONERY/CHOCOLATE,1423 - CHOCOLATE CONFECTIONERY,CELEBRATION,OK,,,,
MARS,401,MARS,401,1,FMCG,13,PET CARE,131 - DOG,1310 - DOG FOOD,FROLIC,OK,,,,
MARS,401,MARS,401,1,FMCG,13,PET CARE,131 - DOG,1311 - DOG CARE,PEDIGREE,OK,,,,
MARS,401,MARS,401,1,FMCG,14,GROCERIES,142 - CONFECTIONERY/CHOCOLATE,1420 - CONFECTIONERY,SKITTLES,OK,,,,
MARS,401,MARS,401,1,FMCG,13,PET CARE,130 - CAT,1303 - CAT ACCESSORIES,CATSAN,NON,,,,
MARS,401,MARS,401,1,FMCG,14,GROCERIES,142 - CONFECTIONERY/CHOCOLATE,1424 - SEASONAL CONFECTIONERY,CELEBRATION,OK,,,,
MARS,401,MARS,401,1,FMCG,14,GROCERIES,142 - CONFECTIONERY/CHOCOLATE,1423 - CHOCOLATE CONFECTIONERY,BOUNTY,OK,,,,
MARS,401,MARS,401,1,FMCG,15,CHILLED (SELF-SERVICE),155 - ICE CREAM/FROZEN DESSERTS,1551 - SNACKING ICE,TWIX,OK,,,,
MARS,401,MARS,401,1,FMCG,15,CHILLED (SELF-SERVICE),155 - ICE CREAM/FROZEN DESSERTS,1551 - SNACKING ICE,BOUNTY,OK,,,,
MARS,401,MARS,401,1,FMCG,14,GROCERIES,145 - PASTA/RICE/PULSES/SOUPS,1454 - SEMOLINA/CEREALS,UNCLE BENS,OK,,,,
MARS,401,MARS,401,1,FMCG,14,GROCERIES,146 - OILS/SEASONING/SAUCES,1465 - COLD SAUCES,SUZI WAN,OK,,,,
MARS,401,MARS,401,1,FMCG,14,GROCERIES,145 - PASTA/RICE/PULSES/SOUPS,1454 - SEMOLINA/CEREALS,EBLY,NON,,,,
MARS,401,MARS,401,1,FMCG,14,GROCERIES,142 - CONFECTIONERY/CHOCOLATE,1422 - CHOCOLATE BARS,M&M'S,OK,,,,
MARS,401,MARS,401,1,FMCG,13,PET CARE,131 - DOG,1310 - DOG FOOD,CANIGOU,NON,,,,
MARS,401,MARS,401,1,FMCG,14,GROCERIES,142 - CONFECTIONERY/CHOCOLATE,1424 - SEASONAL CONFECTIONERY,M&M'S,OK,,,,
MARS,401,MARS,401,1,FMCG,13,PET CARE,131 - DOG,1310 - DOG FOOD,CRAVE,OK,,,,
MARS,401,MARS,401,1,FMCG,14,GROCERIES,142 - CONFECTIONERY/CHOCOLATE,1421 - CHEWING-GUM,HUBA BUBBA,OK,,,,
MARS,401,MARS,401,1,FMCG,14,GROCERIES,141 - BISCUITS/CAKES/CEREAL/DRY BREAD,1410 - BISCUIT,TWIX,OK,,,,
MARS,401,MARS,401,1,FMCG,14,GROCERIES,141 - BISCUITS/CAKES/CEREAL/DRY BREAD,1413 - CEREALS/MUESLIS,BE KIND,NON,,,,
MARS,401,MARS,401,1,FMCG,14,GROCERIES,142 - CONFECTIONERY/CHOCOLATE,1423 - CHOCOLATE CONFECTIONERY,MILKY WAY,OK,,,,
MARS,401,MARS,401,1,FMCG,14,GROCERIES,141 - BISCUITS/CAKES/CEREAL/DRY BREAD,1410 - BISCUIT,MALTESERS,OK,,,,
MARS,401,MARS,401,1,FMCG,14,GROCERIES,146 - OILS/SEASONING/SAUCES,1467 - SALT/PEPPER/SPICES/COOKING HELP,SUZI WAN,OK,,,,
MARS,401,MARS,401,1,FMCG,14,GROCERIES,144 - SNACKS,1443 - PUFFED/EXTRUDED SNACKS,UNCLE BENS,OK,,,,
MARS,401,MARS,401,1,FMCG,14,GROCERIES,141 - BISCUITS/CAKES/CEREAL/DRY BREAD,1410 - BISCUIT,MARS,OK,,,,
MARS,401,MARS,401,1,FMCG,15,CHILLED (SELF-SERVICE),155 - ICE CREAM/FROZEN DESSERTS,1551 - SNACKING ICE,M&M'S,OK,,,,
MARS,401,MARS,401,1,FMCG,14,GROCERIES,141 - BISCUITS/CAKES/CEREAL/DRY BREAD,1410 - BISCUIT,BOUNTY,OK,,,,
MARS,401,MARS,401,1,FMCG,14,GROCERIES,141 - BISCUITS/CAKES/CEREAL/DRY BREAD,1410 - BISCUIT,M&M'S,OK,,,,
MARS,401,MARS,401,1,FMCG,14,GROCERIES,142 - CONFECTIONERY/CHOCOLATE,1421 - CHEWING-GUM,SKITTLES,OK,,,,
MARS,401,MARS,401,1,FMCG,14,GROCERIES,140 - COFFEE/CHICORY/TEA,1406 - DOLCE GUSTO SYSTEM CAPS,MARS,OK,,,,
MARS,401,MARS,401,1,FMCG,14,GROCERIES,149 - ETHNIC PRODUCTS,1493 - EUROPE,COMPAL,NON,,,,
MARS,401,MARS,401,1,FMCG,14,GROCERIES,142 - CONFECTIONERY/CHOCOLATE,1423 - CHOCOLATE CONFECTIONERY,MINIS MIX,NON,,,,
MARS,401,MARS,401,1,FMCG,14,GROCERIES,142 - CONFECTIONERY/CHOCOLATE,1421 - CHEWING-GUM,MARS,OK,,,,
MARS,401,MARS,401,1,FMCG,14,GROCERIES,140 - COFFEE/CHICORY/TEA,1406 - DOLCE GUSTO SYSTEM CAPS,MILKY WAY,OK,,,,
MARS,401,MARS,401,1,FMCG,14,GROCERIES,146 - OILS/SEASONING/SAUCES,1466 - HOT SAUCES,UNCLE BENS,OK,,,,
MARS,401,MARS,401,1,FMCG,15,CHILLED (SELF-SERVICE),152 - DAIRY,1521 - FLAVOURED MILK,TWIX,OK,,,,
MARS,401,MARS,401,1,FMCG,15,CHILLED (SELF-SERVICE),151 - CHILLED FRESH FOODS,1514 - DRINKING YOGURTS/SNACKS,MARS,OK,,,,
MARS,401,MARS,401,1,FMCG,15,CHILLED (SELF-SERVICE),152 - DAIRY,1521 - FLAVOURED MILK,M&M'S,OK,,,,
MARS,401,MARS,401,1,FMCG,14,GROCERIES,142 - CONFECTIONERY/CHOCOLATE,1423 - CHOCOLATE CONFECTIONERY,BE KIND,NON,,,,
MARS,401,MARS,401,1,FMCG,15,CHILLED (SELF-SERVICE),152 - DAIRY,1521 - FLAVOURED MILK,BOUNTY,OK,,,,
MARS,401,MARS,401,1,FMCG,14,GROCERIES,149 - ETHNIC PRODUCTS,1490 - ASIA/OCEANIA,UNCLE BENS,OK,,,,
MARS,401,MARS,401,1,FMCG,14,GROCERIES,142 - CONFECTIONERY/CHOCOLATE,1422 - CHOCOLATE BARS,BALISTO,OK,,,,
MARS,401,MARS,401,1,FMCG,15,CHILLED (SELF-SERVICE),152 - DAIRY,1521 - FLAVOURED MILK,MILKY WAY,OK,,,,
MARS,401,MARS,401,1,FMCG,15,CHILLED (SELF-SERVICE),152 - DAIRY,1521 - FLAVOURED MILK,MALTESERS,OK,,,,
MARS,401,MARS,401,1,FMCG,14,GROCERIES,142 - CONFECTIONERY/CHOCOLATE,1421 - CHEWING-GUM,SNICKERS,OK,,,,
MARS,401,MARS,401,1,FMCG,14,GROCERIES,146 - OILS/SEASONING/SAUCES,1465 - COLD SAUCES,UNCLE BENS,OK,,,,
MARS,401,MARS,401,1,FMCG,13,PET CARE,130 - CAT,1300 - CAT FOOD,CRAVE,OK,,,,
MARS,401,MARS,401,1,FMCG,14,GROCERIES,143 - DESSERTS/BAKING INGREDIENTS,1437 - SPREADS/CREAMS OF CHESTNUT,M&M'S,OK,,,,
MARS,401,MARS,401,1,FMCG,13,PET CARE,131 - DOG,1310 - DOG FOOD,PERFECT FIT,OK,,,,
MARS,401,MARS,401,1,FMCG,14,GROCERIES,142 - CONFECTIONERY/CHOCOLATE,1421 - CHEWING-GUM,FIVE,NON,,,,
MARS,401,MARS,401,1,FMCG,15,CHILLED (SELF-SERVICE),151 - CHILLED FRESH FOODS,1514 - DRINKING YOGURTS/SNACKS,MILKY WAY,OK,,,,
MARS,401,MARS,401,1,FMCG,14,GROCERIES,143 - DESSERTS/BAKING INGREDIENTS,1437 - SPREADS/CREAMS OF CHESTNUT,BOUNTY,OK,,,,
MARS,401,MARS,401,1,FMCG,13,PET CARE,131 - DOG,1310 - DOG FOOD,ROYAL CANIN,OK,,,,
MARS,401,MARS,401,1,FMCG,14,GROCERIES,142 - CONFECTIONERY/CHOCOLATE,1420 - CONFECTIONERY,FREEDENT,OK,,,,
MARS,401,MARS,401,1,FMCG,14,GROCERIES,142 - CONFECTIONERY/CHOCOLATE,1420 - CONFECTIONERY,BE KIND,NON,,,,
PERFETTI,2660,PERFETTI,2660,1,FMCG,14,GROCERIES,142 - CONFECTIONERY/CHOCOLATE,1421 - CHEWING-GUM,HOLLYWOOD,OK,,,,
PERFETTI,2660,PERFETTI,2660,1,FMCG,14,GROCERIES,142 - CONFECTIONERY/CHOCOLATE,1420 - CONFECTIONERY,MENTOS,OK,,,,
PERFETTI,2660,PERFETTI,2660,1,FMCG,14,GROCERIES,142 - CONFECTIONERY/CHOCOLATE,1420 - CONFECTIONERY,CHUPA CHUPS LOLLIPOP,OK,,,,
PERFETTI,2660,PERFETTI,2660,1,FMCG,14,GROCERIES,142 - CONFECTIONERY/CHOCOLATE,1420 - CONFECTIONERY,MENTOS,OK,,,,
PERFETTI,2660,PERFETTI,2660,1,FMCG,14,GROCERIES,142 - CONFECTIONERY/CHOCOLATE,1420 - CONFECTIONERY,LA VOSGIENNE,OK,,,,
PERFETTI,2660,PERFETTI,2660,1,FMCG,14,GROCERIES,142 - CONFECTIONERY/CHOCOLATE,1421 - CHEWING-GUM,FRISK,OK,,,,
PERFETTI,2660,PERFETTI,2660,1,FMCG,14,GROCERIES,142 - CONFECTIONERY/CHOCOLATE,1420 - CONFECTIONERY,STIMOROL,OK,,,,
PERFETTI,2660,PERFETTI,2660,1,FMCG,14,GROCERIES,142 - CONFECTIONERY/CHOCOLATE,1443 - PUFFED/EXTRUDED SNACKS,CACHOU,OK,,,,
PERFETTI,2660,PERFETTI,2660,1,FMCG,14,GROCERIES,144 - SNACKS,1420 - CONFECTIONERY,CHUPA CHUPS LOLLIPOP,OK,,,,
PERFETTI,2660,PERFETTI,2660,1,FMCG,14,GROCERIES,142 - CONFECTIONERY/CHOCOLATE,1421 - CHEWING-GUM,LOOK O LOOK,NON,,,,
PERFETTI,2660,PERFETTI,2660,1,FMCG,14,GROCERIES,142 - CONFECTIONERY/CHOCOLATE,1031 - OTHER CARBONATED DRINKS,PERFETTI,OK,,,,
PERFETTI,2660,PERFETTI,2660,1,FMCG,10,LIQUIDS,103 - CARBONATED SOFT DRINKS,1420 - CONFECTIONERY,CHUPA CHUPS LOLLIPOP,OK,,,,
PERFETTI,2660,PERFETTI,2660,1,FMCG,14,GROCERIES,142 - CONFECTIONERY/CHOCOLATE,1421 - CHEWING-GUM,FRUITELLA,OK,,,,
PERFETTI,2660,PERFETTI,2660,1,FMCG,14,GROCERIES,142 - CONFECTIONERY/CHOCOLATE,1421 - CHEWING-GUM,V6,OK,,,,
PERFETTI,2660,PERFETTI,2660,1,FMCG,14,GROCERIES,142 - CONFECTIONERY/CHOCOLATE,1420 - CONFECTIONERY,BAZOOKA,NON,,,,
PERFETTI,2660,PERFETTI,2660,1,FMCG,14,GROCERIES,142 - CONFECTIONERY/CHOCOLATE,1420 - CONFECTIONERY,GOLIA,OK,,,,
PERFETTI,2660,PERFETTI,2660,1,FMCG,14,GROCERIES,142 - CONFECTIONERY/CHOCOLATE,1420 - CONFECTIONERY,PERFETTI,OK,,,,
PERFETTI,2660,PERFETTI,2660,1,FMCG,14,GROCERIES,142 - CONFECTIONERY/CHOCOLATE,,VAN MELLE,OK,,,,
FRONERI,,,,,,,,,,La Laitière,OK,2025-05-26,FMCG,Liquides,
FRONERI,,,,,,,,,,Smarties,OK,2025-05-26,FMCG,Liquides,
FRONERI,,,,,,,,,,Milka,OK,2025-05-26,FMCG,Liquides,
FRONERI,,,,,,,,,,Daim,OK,2025-05-26,FMCG,Liquides,
FRONERI,,,,,,,,,,Toblerone,OK,2025-05-26,FMCG,Liquides,
FRONERI,,,,,,,,,,Flipi,OK,2025-05-26,FMCG,Liquides,
FRONERI,,,,,,,,,,MDD,OK,2025-05-26,FMCG,Liquides,
FRONERI,,,,,,,,,,Poulain,OK,2025-05-26,FMCG,Alimentaire,
FRONERI,,,,,,,,,,Carambar,OK,2025-05-26,FMCG,Alimentaire,
FRONERI,,,,,,,,,,Scooby Doo,OK,2025-05-26,FMCG,Alimentaire,
FRONERI,,,,,,,,,,Haagen Dazs,OK,2025-05-26,FMCG,Liquides,
FRONERI,,,,,,,,,,Drumstick,OK,2025-05-26,FMCG,Liquides,
FRONERI,,,,,,,,,,Outshine,OK,2025-05-26,FMCG,Liquides,
FRONERI,,,,,,,,,,Nestlé,OK,2025-05-26,FMCG,Liquides,
LASCAD,,,,,,,,,,La Provençale bio,OK,2025-05-26,FMCG,Alimentaire,
MARS,,,,,,,,,,Ben's Original,OK,2025-05-26,FMCG,Alimentaire,
MARS,,,,,,,,,,Waltham Center for Pet Nutrition,OK,2025-05-26,Healthcare,Alimentaire,
MARS,,,,,,,,,,AniCura,OK,2025-05-26,Healthcare,Alimentaire,
MARS,,,,,,,,,,Wisdom Panel,OK,2025-05-26,Healthcare,Alimentaire,
MARS,,,,,,,,,,VCA,OK,2025-05-26,Healthcare,Alimentaire,
MARS,,,,,,,,,,Catisfactions,OK,2025-05-26,Healthcare,Alimentaire,
PERFETTI,,,,,,,,,,Chupa Chups,OK,2025-05-26,FMCG,Alimentaire,
PERFETTI,,,,,,,,,,Smint,OK,2025-05-26,FMCG,Alimentaire,
PERFETTI,,,,,,,,,,Fruit-tella,OK,2025-05-26,FMCG,Alimentaire,
PERFETTI,,,,,,,,,,Brooklyn,OK,2025-05-26,FMCG,Alimentaire,
PERFETTI,,,,,,,,,,Happydent,OK,2025-05-26,FMCG,Alimentaire,
PERFETTI,,,,,,,,,,Vivident,OK,2025-05-26,FMCG,Alimentaire,
PERFETTI,,,,,,,,,,Daygum,OK,2025-05-26,FMCG,Alimentaire,
PERFETTI,,,,,,,,,,Vigorsol,OK,2025-05-26,FMCG,Alimentaire,
PERFETTI,,,,,,,,,,Big Babol,OK,2025-05-26,FMCG,Alimentaire,
PERFETTI,,,,,,,,,,Airheads,OK,2025-05-26,FMCG,Alimentaire,
PERFETTI,,,,,,,,,,Trident,OK,2025-05-26,FMCG,Alimentaire,
PERFETTI,,,,,,,,,,Dentyne,OK,2025-05-26,FMCG,Alimentaire,
PERFETTI,,,,,,,,,,Chiclets,OK,2025-05-26,FMCG,Alimentaire,
PERFETTI,,,,,,,,,,Bubbaloo,OK,2025-05-26,FMCG,Alimentaire,
PERFETTI,,,,,,,,,,Bubblicious,OK,2025-05-26,FMCG,Alimentaire,
PERFETTI,,,,,,,,,,Cachou Lajaunie,OK,2025-05-26,FMCG,Alimentaire,
